idx,time_delta
0,25.825804
1,33.92906
2,9.938279
3,5.3187795
4,27.188225
5,23.235619
6,20.908865
7,15.555857
8,9.302835
9,37.59088
10,10.814779
11,12.842729
12,9.302835
13,15.669582
14,10.918816
15,12.367801
16,3.5854816
17,4.114234
18,19.959574
19,15.682425
20,6.608032
21,8.767572
22,22.081776
23,6.321084
24,27.881191
25,7.244833
26,13.692002
27,30.190598
28,10.267775
29,7.517783
30,15.189617
31,11.997215
32,9.063528
33,30.555305
34,16.113247
35,9.947336
36,28.918648
37,4.314293
38,27.14594
39,5.928646
40,17.25956
41,26.613182
42,15.734579
43,2.2114697
44,11.952768
45,19.804813
46,6.128334
47,18.827341
48,27.090124
49,5.138349
50,8.23241
51,24.046997
52,18.609215
53,19.95118
54,4.999809
55,18.253527
56,5.822922
57,3.544691
58,30.13568
59,8.936143
60,6.0155554
61,20.271637
62,8.100057
63,19.132017
64,16.900734
65,18.289215
66,14.382441
67,4.6316066
68,10.416851
69,10.573251
70,12.842729
71,30.028004
72,6.059988
73,24.95382
74,20.342398
75,15.884341
76,22.764631
77,11.5237055
78,21.288094
79,25.126743
80,21.21262
81,21.591148
82,22.283516
83,21.356304
84,10.187518
85,26.932247
86,11.58133
87,10.219992
88,4.981172
89,3.40376
90,11.121462
91,16.62111
92,11.555452
93,8.771851
94,23.870258
95,9.8346615
96,15.357826
97,32.965786
98,12.264681
99,14.150533
100,9.257203
101,2.93017
102,10.877943
103,5.8925905
104,14.247081
105,6.1666317
106,9.667309
107,7.766594
108,24.831152
109,39.58003
110,22.838463
111,19.364168
112,33.90011
113,19.187508
114,27.20182
115,14.662644
116,23.657667
117,28.50313
118,33.671494
119,5.4717865
120,10.061197
121,26.795002
122,10.330337
123,10.574364
124,30.434254
125,15.555119
126,19.205288
127,11.653367
128,17.82001
129,1.0
130,13.525509
131,33.506577
132,11.251395
133,7.0702696
134,6.229705
135,17.00919
136,11.409726
137,7.058538
138,12.533888
139,17.710117
140,20.611237
141,23.03008
142,9.346844
143,14.151232
144,13.996287
145,17.100018
146,14.554369
147,21.74934
148,30.891716
149,8.1663685
150,39.386993
151,4.8608904
152,30.026302
153,7.760869
154,3.2842789
155,35.31806
156,12.831348
157,14.130956
158,20.310379
159,7.682206
160,8.687834
161,10.40934
162,10.183755
163,25.416801
164,17.097307
165,3.7980976
166,20.893375
167,4.8608904
168,3.4352307
169,13.5705385
170,5.470913
171,16.75349
172,10.223461
173,17.976664
174,17.650352
175,32.19342
176,21.545319
177,19.737516
178,8.445876
179,10.921599
180,8.166813
181,25.241673
182,16.445896
183,8.10014
184,8.771851
185,22.973122
186,8.570896
187,25.967413
188,21.922497
189,22.925972
190,16.476295
191,34.097893
192,29.578983
193,16.05765
194,37.04457
195,30.207664
196,6.502451
197,12.190966
198,14.662644
199,30.892788
200,8.788107
201,11.775751
202,9.401735
203,21.59122
204,7.858669
205,22.962017
206,12.364471
207,7.6255236
208,23.52689
209,22.16435
210,4.5841427
211,20.151684
212,18.450905
213,28.76603
214,35.328636
215,16.879816
216,29.1479
217,6.158375
218,17.589745
219,3.9532938
220,39.557114
221,6.4225936
222,8.40794
223,12.02154
224,30.153755
225,11.116339
226,23.476124
227,28.61951
228,26.584036
229,10.480824
230,18.293938
231,11.821072
232,31.022182
233,20.941336
234,8.060029
235,12.239275
236,26.78798
237,22.637531
238,14.912888
239,5.891133
240,33.515533
241,21.413929
242,14.311148
243,7.993891
244,8.803778
245,2.8739376
246,17.998796
247,22.602795
248,10.405783
249,18.082422
250,15.384995
251,8.448247
252,14.509192
253,28.244457
254,8.520064
255,11.033937
256,30.729877
257,20.709036
258,11.119844
259,8.727634
260,14.217123
261,17.858027
262,20.388725
263,21.257042
264,23.197613
265,6.4639015
266,22.170277
267,8.247746
268,22.91223
269,23.955982
270,15.379395
271,22.993402
272,28.994678
273,5.9159083
274,22.673641
275,30.763853
276,8.687017
277,10.13118
278,33.50122
279,10.237743
280,8.070598
281,3.8856668
282,26.340195
283,19.337265
284,14.193409
285,17.556534
286,20.86187
287,5.13826
288,10.622587
289,39.305325
290,10.769983
291,35.3511
292,13.446264
293,18.649223
294,21.29369
295,18.458664
296,7.803696
297,11.631196
298,18.387884
299,19.781649
300,7.998238
301,7.9839272
302,10.26268
303,8.068745
304,6.698835
305,31.320337
306,10.31452
307,13.435318
308,14.389964
309,28.733086
310,9.776108
311,23.235619
312,12.510178
313,8.9336405
314,24.685257
315,28.479269
316,28.527248
317,3.963562
318,24.354652
319,32.094265
320,10.23932
321,7.5133486
322,30.788244
323,24.743536
324,31.936247
325,6.2477884
326,2.745781
327,21.745262
328,7.6227913
329,22.970432
330,13.578012
331,22.673998
332,21.269264
333,24.238747
334,9.071415
335,11.121462
336,28.993874
337,12.37867
338,28.683254
339,4.7371144
340,36.588905
341,21.716484
342,10.274478
343,39.1223
344,33.098858
345,29.036873
346,12.278268
347,7.094927
348,10.672759
349,16.638407
350,1.0
351,4.9683943
352,20.147583
353,10.43504
354,6.5062537
355,6.447757
356,20.054451
357,23.85605
358,6.5240974
359,25.697557
360,29.375977
361,14.395877
362,5.285486
363,15.311913
364,3.1362019
365,8.591167
366,19.864817
367,22.227695
368,12.685515
369,28.86066
370,30.035702
371,29.00702
372,20.710558
373,29.434296
374,11.138641
375,26.746601
376,13.490559
377,21.168217
378,33.61561
379,30.23756
380,12.687111
381,12.2928295
382,14.503636
383,9.013607
384,39.685974
385,11.303693
386,22.229134
387,17.115997
388,34.856476
389,4.526576
390,5.657986
391,16.31435
392,15.051455
393,15.337692
394,13.370128
395,5.1296864
396,16.120035
397,3.833767
398,34.518
399,32.665
400,21.044071
401,14.664973
402,12.581881
403,25.105751
404,12.831427
405,9.33337
406,13.770838
407,11.095381
408,10.390155
409,26.745583
410,34.25216
411,25.978085
412,36.12533
413,13.647026
414,34.416573
415,8.585796
416,20.271015
417,37.923515
418,5.8234234
419,9.295459
420,26.110344
421,1.123538
422,8.763845
423,17.157692
424,29.890285
425,7.1210327
426,30.198896
427,22.48338
428,8.232887
429,12.689497
430,18.353014
431,3.6569316
432,12.048584
433,13.075619
434,32.59206
435,13.328317
436,13.435768
437,7.430268
438,31.166523
439,15.357826
440,6.248699
441,11.326224
442,7.5893717
443,24.763277
444,23.790648
445,15.427989
446,15.713389
447,9.514467
448,7.79362
449,16.79124
450,12.56857
451,6.333435
452,15.973193
453,12.972666
454,18.969471
455,23.871689
456,15.447098
457,9.908834
458,32.527245
459,16.437405
460,13.730154
461,30.606144
462,19.18414
463,2.9074435
464,8.416155
465,15.369469
466,6.333911
467,17.864098
468,20.101006
469,9.346844
470,3.221676
471,20.5687
472,9.977614
473,8.3515625
474,13.000898
475,23.206696
476,24.000713
477,30.039482
478,19.796354
479,9.4038315
480,22.919132
481,14.507905
482,8.417248
483,27.607634
484,16.120035
485,5.4423614
486,14.754907
487,5.9634933
488,9.261826
489,14.237015
490,7.6889277
491,11.585707
492,28.582712
493,32.293247
494,27.19791
495,38.90548
496,5.49986
497,30.415018
498,24.596363
499,6.131632
500,12.10129
501,21.750118
502,4.9820404
503,8.823866
504,19.84421
505,8.341129
506,21.67565
507,11.957276
508,8.217042
509,6.666726
510,11.566401
511,11.180004
512,27.13742
513,26.110344
514,8.012476
515,25.653677
516,12.551889
517,8.444821
518,29.313171
519,14.051075
520,13.260195
521,29.643147
522,30.890388
523,25.722166
524,27.12691
525,11.631567
526,15.102128
527,19.333996
528,32.510017
529,15.816905
530,16.045855
531,8.856812
532,4.7423916
533,19.585827
534,7.244253
535,11.783551
536,18.279663
537,6.4525757
538,9.804675
539,16.369282
540,13.53559
541,24.162533
542,8.223408
543,25.46753
544,5.891472
545,3.4988024
546,11.535778
547,18.595264
548,21.620668
549,8.701994
550,7.950095
551,28.76603
552,9.78059
553,38.91884
554,20.271015
555,4.0595007
556,16.355734
557,4.8903217
558,22.994392
559,21.640156
560,16.799728
561,7.0884967
562,29.20188
563,10.855894
564,17.911108
565,20.14531
566,10.069968
567,19.530704
568,9.670183
569,27.14594
570,22.330257
571,36.359955
572,13.429067
573,16.29373
574,8.315723
575,21.620565
576,3.4357367
577,17.188227
578,10.31452
579,17.722021
580,24.88883
581,22.378292
582,18.034012
583,27.59977
584,19.606276
585,9.258642
586,7.404949
587,4.626055
588,18.40889
589,7.9751406
590,16.8282
591,15.338301
592,17.578255
593,9.910935
594,17.033424
595,32.05945
596,4.687516
597,23.695543
598,8.795126
599,18.843157
600,15.099461
601,20.812508
602,11.945911
603,8.672661
604,28.715614
605,16.376717
606,9.965035
607,14.52403
608,12.117932
609,15.189617
610,19.634743
611,26.58879
612,13.420227
613,6.543824
614,8.65756
615,9.671076
616,14.376506
617,15.5448265
618,9.932058
619,14.468306
620,21.049763
621,16.634483
622,7.88152
623,19.601944
624,11.353253
625,16.178635
626,18.821854
627,17.28024
628,1.7055159
629,32.875584
630,29.35101
631,12.668312
632,16.078531
633,10.997042
634,15.700314
635,16.03803
636,20.329655
637,29.983418
638,16.610985
639,26.798155
640,12.828317
641,4.9178133
642,9.736454
643,13.636883
644,21.119411
645,20.229656
646,34.389423
647,15.635579
648,11.289561
649,9.290497
650,9.031035
651,19.645254
652,12.236868
653,9.977614
654,19.016628
655,13.492119
656,13.632073
657,19.31512
658,21.261566
659,18.811287
660,14.583296
661,21.168217
662,14.542723
663,28.918648
664,23.044617
665,4.0595007
666,8.853989
667,6.6838417
668,14.1038065
669,16.828035
670,5.031274
671,6.6995764
672,13.125038
673,22.962017
674,10.15243
675,12.880535
676,37.65883
677,6.6372385
678,10.449002
679,5.1388826
680,20.722427
681,15.286987
682,4.8794365
683,19.96268
684,11.357534
685,5.8058558
686,6.6751814
687,33.247307
688,17.531342
689,6.9156146
690,18.952906
691,25.708769
692,13.146542
693,6.8921685
694,15.427989
695,22.040419
696,22.546965
697,12.356752
698,15.251515
699,3.3310413
700,9.625213
701,17.762896
702,21.22219
703,6.531812
704,15.68626
705,7.463958
706,27.48307
707,7.689485
708,17.231276
709,13.116977
710,12.422947
711,3.659512
712,25.770657
713,7.013014
714,5.0068474
715,5.9239936
716,8.169792
717,21.749277
718,9.361453
719,18.620153
720,16.424318
721,5.267436
722,17.806252
723,37.331856
724,26.215492
725,14.202433
726,19.207245
727,6.9854574
728,8.980093
729,14.951252
730,17.855476
731,39.685974
732,28.25017
733,4.2182055
734,11.015273
735,32.84656
736,24.88883
737,39.030853
738,4.9374423
739,17.518967
740,29.619884
741,12.156136
742,21.598394
743,11.142283
744,7.043316
745,8.452084
746,6.917238
747,19.89228
748,7.048437
749,28.974493
750,19.575125
751,8.97073
752,4.8265924
753,11.535998
754,9.721626
755,16.636429
756,20.885607
757,24.33195
758,6.58117
759,11.843294
760,20.462797
761,26.808954
762,18.1164
763,10.618211
764,6.7784977
765,4.380268
766,13.637873
767,26.946491
768,10.331278
769,12.581881
770,13.954363
771,33.961296
772,2.6892452
773,8.83004
774,27.297287
775,36.91776
776,31.662342
777,24.686825
778,27.319237
779,30.899183
780,29.77782
781,15.555857
782,13.291203
783,9.478995
784,11.020132
785,4.626055
786,13.305687
787,23.669498
788,12.831348
789,20.545286
790,5.5288987
791,9.667309
792,10.622037
793,23.09431
794,8.118114
795,9.280723
796,5.920654
797,11.553395
798,19.795153
799,25.815754
800,39.74327
801,24.592815
802,6.2569017
803,18.736475
804,2.2114697
805,15.084156
806,12.508987
807,27.36959
808,18.142736
809,1.9534359
810,7.314827
811,9.498081
812,15.192692
813,10.197177
814,9.219723
815,9.489336
816,16.544653
817,12.7934065
818,11.672469
819,20.650951
820,25.00718
821,30.167824
822,28.76003
823,7.757201
824,6.0199795
825,7.160342
826,21.966043
827,17.254347
828,33.876347
829,16.984238
830,18.38771
831,21.102732
832,34.25825
833,26.256289
834,12.296875
835,10.092039
836,24.041363
837,12.552648
838,3.1383524
839,4.538292
840,15.971979
841,21.754713
842,3.6741657
843,28.181774
844,23.575565
845,32.247673
846,10.23932
847,8.081097
848,8.743508
849,9.244648
850,11.984447
851,16.01153
852,18.57454
853,27.36959
854,5.2783613
855,11.820904
856,11.931555
857,7.0444174
858,23.497337
859,24.571905
860,11.0576725
861,12.97108
862,15.797864
863,21.511057
864,19.634829
865,16.150793
866,8.696196
867,21.616081
868,20.627428
869,28.972168
870,6.332329
871,21.918793
872,13.001396
873,8.042931
874,7.6291995
875,13.73223
876,22.570065
877,6.362055
878,15.357868
879,27.953024
880,4.931822
881,16.348808
882,10.262804
883,7.763779
884,4.689684
885,20.722038
886,12.61165
887,5.346822
888,18.951324
889,9.985117
890,16.906517
891,28.26508
892,8.154659
893,30.412766
894,17.28683
895,27.114819
896,23.598093
897,13.773684
898,12.132541
899,5.050103
900,10.346909
901,9.044254
902,23.202454
903,6.0886364
904,21.74745
905,13.707985
906,26.234428
907,17.738165
908,28.911522
909,12.007843
910,12.510982
911,26.344776
912,13.332305
913,6.5062537
914,4.6006002
915,16.352169
916,24.336079
917,24.456991
918,11.117931
919,17.945509
920,27.38147
921,30.6198
922,5.796982
923,12.941719
924,11.254261
925,3.7093284
926,15.097607
927,7.936947
928,33.81543
929,20.206245
930,30.060616
931,6.669223
932,17.638176
933,28.50867
934,6.026526
935,37.907272
936,12.378031
937,37.720505
938,7.552024
939,8.760857
940,35.528076
941,3.4080095
942,24.891373
943,14.276685
944,25.477003
945,19.903782
946,20.385414
947,30.05922
948,29.737555
949,14.756532
950,13.732557
951,6.7207823
952,11.07239
953,4.5695105
954,5.2043133
955,28.461174
956,15.196785
957,21.292946
958,26.157225
959,21.55134
960,15.13823
961,9.33337
962,13.890606
963,20.13214
964,3.001822
965,17.02396
966,11.344413
967,24.420336
968,16.931633
969,30.396605
970,9.90066
971,8.221095
972,4.1795244
973,11.957838
974,7.3261356
975,5.6502047
976,36.628677
977,17.02396
978,17.360136
979,17.72752
980,23.185005
981,6.7914267
982,9.828611
983,32.189938
984,13.367268
985,15.087469
986,3.049571
987,35.838867
988,25.063496
989,4.634245
990,7.5327797
991,25.588469
992,19.530704
993,28.467833
994,9.360073
995,11.635459
996,12.146092
997,11.549036
998,21.271969
999,33.330936
1000,5.080393
1001,7.535265
1002,30.469852
1003,4.992343
1004,23.12825
1005,8.17704
1006,12.779245
1007,4.6205335
1008,3.042296
1009,12.6723175
1010,2.6883945
1011,8.333316
1012,21.564249
1013,8.025449
1014,38.201008
1015,5.822922
1016,23.549938
1017,8.910534
1018,13.17108
1019,38.48242
1020,28.562887
1021,11.985731
1022,24.5661
1023,9.335276
1024,24.366627
1025,8.089457
1026,7.465522
1027,6.7653236
1028,9.867283
1029,10.457985
1030,7.166407
1031,31.96648
1032,15.563717
1033,13.313864
1034,10.533238
1035,16.980843
1036,23.962269
1037,8.173595
1038,2.3797703
1039,21.796963
1040,4.5804987
1041,32.67149
1042,28.58087
1043,16.447853
1044,33.69101
1045,23.744879
1046,15.632221
1047,16.794632
1048,18.980148
1049,33.418793
1050,21.168217
1051,11.302769
1052,9.767115
1053,19.78508
1054,3.5373726
1055,16.165167
1056,6.254511
1057,10.31452
1058,19.270506
1059,8.720642
1060,32.16648
1061,14.14097
1062,18.304447
1063,25.714344
1064,13.927656
1065,11.678438
1066,36.91776
1067,15.53307
1068,4.5042906
1069,4.11635
1070,24.689331
1071,2.6551685
1072,5.4337716
1073,9.351467
1074,23.81126
1075,12.997281
1076,21.604416
1077,20.547249
1078,17.267246
1079,6.6473804
1080,4.6736193
1081,12.684028
1082,35.534325
1083,7.2152834
1084,12.474734
1085,24.79562
1086,7.9389677
1087,21.72873
1088,18.61894
1089,30.345741
1090,20.211615
1091,12.8124275
1092,17.115772
1093,6.014987
1094,4.3674164
1095,26.012148
1096,19.782505
1097,14.79228
1098,8.810039
1099,18.123993
1100,27.114819
1101,12.8124275
1102,15.04685
1103,17.576149
1104,11.658271
1105,9.161607
1106,20.220768
1107,5.1388826
1108,9.547553
1109,20.726387
1110,5.4011583
1111,24.53592
1112,16.41101
1113,12.515482
1114,22.593708
1115,16.786303
1116,28.718952
1117,14.864685
1118,15.001385
1119,8.763512
1120,6.421217
1121,10.367475
1122,8.653107
1123,3.1843624
1124,25.559137
1125,23.754732
1126,8.496694
1127,20.221813
1128,37.10225
1129,19.928415
1130,21.236183
1131,3.639431
1132,7.894313
1133,18.384102
1134,19.672268
1135,12.1896305
1136,39.682575
1137,17.482307
1138,25.730097
1139,22.89589
1140,8.374954
1141,5.397771
1142,5.986313
1143,7.7013884
1144,15.196785
1145,11.516584
1146,24.049479
1147,8.894279
1148,15.675792
1149,29.367283
1150,7.7406683
1151,27.517254
1152,32.152916
1153,7.993891
1154,32.529182
1155,4.666041
1156,7.1356006
1157,17.93066
1158,9.247352
1159,10.1817045
1160,13.936993
1161,14.234663
1162,5.7708635
1163,32.061874
1164,4.314004
1165,24.155285
1166,8.090557
1167,12.168806
1168,24.130888
1169,29.589794
1170,14.929752
1171,4.3112984
1172,21.413929
1173,5.163736
1174,10.271654
1175,25.463024
1176,30.545256
1177,5.1346173
1178,6.9220486
1179,31.926525
1180,24.561766
1181,15.705427
1182,15.0243025
1183,15.5448265
1184,14.967882
1185,10.617505
1186,10.406491
1187,5.492452
1188,36.108913
1189,15.503887
1190,15.46546
1191,14.824924
1192,15.64811
1193,14.284853
1194,13.643634
1195,9.013607
1196,12.357927
1197,7.8180604
1198,14.571718
1199,9.241657
1200,13.202412
1201,27.499971
1202,31.405415
1203,11.239523
1204,13.264405
1205,18.344723
1206,13.60532
1207,7.9839272
1208,29.67302
1209,25.887653
1210,24.482872
1211,13.469837
1212,9.030847
1213,21.074993
1214,26.746033
1215,36.257492
1216,11.891642
1217,28.869385
1218,32.66907
1219,5.204336
1220,30.408018
1221,14.267229
1222,8.894606
1223,27.162388
1224,9.985117
1225,7.868194
1226,6.9521675
1227,15.723406
1228,36.108913
1229,3.0462952
1230,20.240236
1231,4.928154
1232,10.405711
1233,32.641888
1234,22.086273
1235,35.445663
1236,17.813923
1237,20.648699
1238,32.641888
1239,4.1180825
1240,24.368406
1241,29.089748
1242,6.935585
1243,19.019072
1244,3.3646908
1245,33.51267
1246,24.819412
1247,14.769232
1248,14.076866
1249,25.992552
1250,30.0627
1251,30.952477
1252,2.909195
1253,21.564249
1254,15.883673
1255,7.6626444
1256,1.7893105
1257,13.33139
1258,37.480724
1259,16.998907
1260,7.763779
1261,11.316275
1262,23.366688
1263,18.387884
1264,31.662342
1265,6.960476
1266,19.69202
1267,17.534771
1268,25.82049
1269,12.333805
1270,30.94821
1271,17.713655
1272,23.582428
1273,11.493547
1274,7.8623114
1275,6.763526
1276,17.334366
1277,8.086253
1278,4.195531
1279,27.88499
1280,19.994293
1281,9.408676
1282,20.23067
1283,26.213938
1284,23.199928
1285,9.168495
1286,4.992343
1287,16.315788
1288,9.73625
1289,13.769668
1290,22.682325
1291,14.424547
1292,12.989113
1293,18.573507
1294,11.819122
1295,7.702069
1296,14.767723
1297,5.4649696
1298,9.275143
1299,32.686363
1300,32.6698
1301,4.9326363
1302,4.453307
1303,5.929696
1304,7.3859534
1305,17.097307
1306,17.998796
1307,20.613823
1308,23.372555
1309,25.70379
1310,7.465522
1311,5.7412443
1312,28.406834
1313,11.629383
1314,9.351467
1315,13.649695
1316,27.147282
1317,22.21698
1318,6.397096
1319,12.174189
1320,25.8003
1321,21.026085
1322,25.572662
1323,15.702363
1324,34.053955
1325,15.643972
1326,5.470913
1327,24.608892
1328,25.686577
1329,29.785484
1330,7.711359
1331,16.789007
1332,5.8047886
1333,9.362082
1334,12.905062
1335,5.653617
1336,12.436537
1337,11.786871
1338,29.548676
1339,8.955664
1340,19.449991
1341,12.261554
1342,12.657421
1343,5.3663473
1344,38.147198
1345,8.302893
1346,15.651539
1347,6.7772293
1348,17.028124
1349,19.389435
1350,11.402605
1351,16.664019
1352,7.741162
1353,17.522577
1354,14.754783
1355,16.759958
1356,22.952715
1357,14.080209
1358,18.157787
1359,20.48646
1360,37.278183
1361,21.888058
1362,6.0295525
1363,10.589945
1364,9.537127
1365,21.202976
1366,12.733279
1367,30.855564
1368,17.697227
1369,11.36684
1370,35.93811
1371,6.076599
1372,12.413522
1373,16.839252
1374,23.647472
1375,39.286095
1376,28.263771
1377,20.50156
1378,14.725633
1379,24.318977
1380,8.446453
1381,6.9365563
1382,21.812292
1383,27.161297
1384,5.142068
1385,13.421537
1386,25.775131
1387,23.372015
1388,3.8928561
1389,4.1462564
1390,34.695885
1391,19.772158
1392,3.7344203
1393,12.240365
1394,3.634674
1395,12.565672
1396,20.1012
1397,17.93066
1398,18.994165
1399,8.280499
1400,10.948064
1401,16.112898
1402,4.2396865
1403,33.59169
1404,17.472326
1405,13.252245
1406,15.013811
1407,10.355225
1408,14.165595
1409,40.198082
1410,4.1582785
1411,18.40889
1412,6.2750473
1413,21.47228
1414,6.002423
1415,4.9326363
1416,6.2477884
1417,28.458698
1418,27.723457
1419,27.646263
1420,19.410711
1421,7.1123834
1422,5.8140254
1423,32.495678
1424,22.419937
1425,18.64955
1426,24.805828
1427,8.385252
1428,30.752678
1429,17.910194
1430,29.1479
1431,34.445274
1432,32.448612
1433,20.23951
1434,12.375141
1435,39.447796
1436,12.061782
1437,8.10014
1438,17.596457
1439,12.085793
1440,17.797417
1441,19.8933
1442,24.31871
1443,5.845846
1444,4.63319
1445,11.347608
1446,11.173111
1447,20.597275
1448,26.881115
1449,16.632706
1450,30.846584
1451,24.869781
1452,21.672564
1453,25.437656
1454,13.14491
1455,24.85422
1456,24.596363
1457,7.8570137
1458,12.658361
1459,8.348297
1460,6.321084
1461,3.7867966
1462,26.287766
1463,16.981915
1464,9.064161
1465,9.685226
1466,15.638139
1467,6.73742
1468,30.886497
1469,32.6585
1470,10.917009
1471,34.097893
1472,32.64553
1473,8.40794
1474,19.45796
1475,28.379353
1476,21.969652
1477,11.174118
1478,9.182722
1479,30.734726
1480,14.5559845
1481,33.34581
1482,23.64392
1483,12.741259
1484,25.99173
1485,30.449177
1486,31.967113
1487,5.830086
1488,22.367153
1489,21.572208
1490,5.3187795
1491,14.441486
1492,27.495422
1493,6.1312184
1494,24.467268
1495,7.196409
1496,19.881376
1497,33.92906
1498,28.312927
1499,11.578133
1500,21.556326
1501,28.76003
1502,20.700441
1503,16.770885
1504,5.7745843
1505,21.391766
1506,3.331348
1507,31.975458
1508,14.899357
1509,16.295744
1510,20.811394
1511,10.869086
1512,26.552408
1513,2.7437963
1514,25.348438
1515,4.8465376
1516,15.56807
1517,13.632073
1518,3.8951535
1519,10.75234
1520,15.0243025
1521,10.493313
1522,21.292946
1523,8.452084
1524,14.769232
1525,22.826172
1526,13.5200815
1527,19.962872
1528,29.01211
1529,18.285555
1530,7.058732
1531,16.989902
1532,17.924475
1533,8.7923565
1534,8.911412
1535,15.771614
1536,5.8365088
1537,10.45275
1538,20.452671
1539,8.089457
1540,1.0
1541,24.149555
1542,32.175575
1543,7.3176746
1544,12.015173
1545,15.3778715
1546,5.5788636
1547,3.3652992
1548,12.473221
1549,10.639484
1550,27.39337
1551,15.832511
1552,7.49366
1553,19.440737
1554,16.362537
1555,15.473796
1556,9.361398
1557,21.044071
1558,8.152851
1559,22.696014
1560,21.97628
1561,9.181364
1562,12.553119
1563,15.637157
1564,9.261724
1565,6.625636
1566,6.7437725
1567,14.021644
1568,10.667664
1569,14.821695
1570,5.6123276
1571,16.93276
1572,31.432991
1573,27.019543
1574,15.755451
1575,28.795128
1576,7.037012
1577,31.721165
1578,3.5286856
1579,25.63832
1580,21.049763
1581,27.942108
1582,13.393101
1583,12.880928
1584,10.2020235
1585,12.994782
1586,11.5847
1587,7.524973
1588,4.2709084
1589,7.762809
1590,9.957284
1591,5.050723
1592,14.65946
1593,17.252865
1594,25.804688
1595,3.906188
1596,24.328129
1597,37.43428
1598,23.367538
1599,3.888494
1600,10.546668
1601,10.3895855
1602,4.890979
1603,16.544653
1604,10.576788
1605,15.635579
1606,37.01448
1607,11.858431
1608,5.3559856
1609,19.016628
1610,7.195098
1611,25.799763
1612,21.291998
1613,16.750963
1614,18.620153
1615,5.7080097
1616,30.198896
1617,7.6329165
1618,9.063528
1619,5.033354
1620,17.471287
1621,20.037712
1622,18.333496
1623,17.808308
1624,23.955982
1625,14.574666
1626,11.124001
1627,35.321003
1628,8.385338
1629,5.7854853
1630,8.792664
1631,1.3956089
1632,11.229819
1633,9.275143
1634,19.959042
1635,24.81902
1636,34.27085
1637,17.25661
1638,6.5527506
1639,11.956093
1640,12.731874
1641,28.42406
1642,17.518967
1643,13.542812
1644,32.67943
1645,38.093525
1646,9.22204
1647,10.751709
1648,18.157906
1649,29.594927
1650,31.500538
1651,8.714279
1652,19.914997
1653,34.47583
1654,8.516483
1655,12.549904
1656,23.916557
1657,19.41196
1658,25.921408
1659,8.89582
1660,6.2448773
1661,17.53878
1662,27.161354
1663,18.310759
1664,13.731682
1665,12.927578
1666,11.878325
1667,10.005792
1668,24.739082
1669,24.244602
1670,22.3289
1671,19.885265
1672,8.316834
1673,11.914421
1674,26.37322
1675,12.070249
1676,16.017723
1677,21.817595
1678,21.72873
1679,34.127537
1680,18.012001
1681,13.370128
1682,25.463024
1683,10.452068
1684,10.117222
1685,26.608948
1686,39.29287
1687,6.8921685
1688,1.4673538
1689,12.648415
1690,22.544628
1691,12.518449
1692,5.929696
1693,18.455153
1694,9.112234
1695,33.32015
1696,31.50898
1697,32.211784
1698,4.6719103
1699,28.661156
1700,33.434692
1701,19.330647
1702,25.302895
1703,17.05094
1704,9.939009
1705,23.236902
1706,13.525509
1707,5.981012
1708,29.73013
1709,15.002151
1710,18.576828
1711,6.370274
1712,15.582648
1713,25.653677
1714,17.422377
1715,7.4155693
1716,8.654674
1717,18.701517
1718,18.811287
1719,16.770084
1720,21.102043
1721,7.0287247
1722,11.176139
1723,24.244602
1724,9.255605
1725,23.430603
1726,9.546101
1727,7.18001
1728,19.485186
1729,8.846306
1730,21.880312
1731,8.9639845
1732,15.416075
1733,16.185833
1734,27.14423
1735,10.270287
1736,7.03934
1737,13.345617
1738,17.304115
1739,11.41577
1740,11.717943
1741,19.95118
1742,7.0509253
1743,17.858027
1744,8.654617
1745,12.04645
1746,11.661854
1747,7.0432367
1748,5.1294594
1749,11.142283
1750,10.747616
1751,23.871689
1752,33.112236
1753,7.7013884
1754,5.1840873
1755,20.71046
1756,18.123993
1757,5.765379
1758,11.414536
1759,7.805929
1760,7.2920136
1761,8.568173
1762,36.950947
1763,6.0271974
1764,32.66534
1765,35.948128
1766,21.72873
1767,22.008316
1768,11.304544
1769,9.361248
1770,11.176478
1771,8.554337
1772,14.217398
1773,17.133698
1774,15.671804
1775,32.301155
1776,21.511667
1777,10.858794
1778,11.461203
1779,7.697092
1780,10.0873165
1781,23.094849
1782,19.219524
1783,17.855476
1784,14.277354
1785,34.19995
1786,7.086793
1787,5.9882045
1788,3.2842789
1789,19.148413
1790,15.025396
1791,13.091537
1792,5.1738377
1793,17.15573
1794,4.8164864
1795,19.871937
1796,9.673006
1797,27.664522
1798,16.128853
1799,25.772049
1800,19.42667
1801,14.712232
1802,15.196936
1803,24.299915
1804,20.710558
1805,26.408863
1806,8.65756
1807,22.170277
1808,7.811105
1809,11.789182
1810,10.203026
1811,17.024254
1812,26.339176
1813,16.351227
1814,25.320793
1815,14.815364
1816,18.550493
1817,8.821506
1818,4.452532
1819,8.720701
1820,4.47647
1821,5.131362
1822,18.822529
1823,14.675405
1824,29.577501
1825,8.641337
1826,5.9160886
1827,4.800584
1828,9.379974
1829,8.192986
1830,10.639484
1831,5.408432
1832,19.606276
1833,11.985429
1834,32.742302
1835,11.95684
1836,9.226083
1837,26.008766
1838,15.91529
1839,39.3814
1840,13.306302
1841,20.001606
1842,14.556779
1843,4.3904085
1844,6.657707
1845,2.608057
1846,4.606902
1847,5.9174023
1848,30.65822
1849,2.7437963
1850,34.925526
1851,4.1579065
1852,7.1962357
1853,10.407436
1854,5.8707476
1855,9.663697
1856,11.619897
1857,15.724067
1858,12.147154
1859,16.940058
1860,8.810424
1861,9.961394
1862,22.86628
1863,17.698267
1864,17.911108
1865,12.475297
1866,10.901711
1867,17.182787
1868,11.700582
1869,21.88852
1870,15.168182
1871,7.0385194
1872,10.43504
1873,4.5810127
1874,2.6551685
1875,8.217897
1876,21.675007
1877,13.53559
1878,32.665
1879,23.20372
1880,9.408398
1881,4.6845036
1882,7.685976
1883,17.179108
1884,8.209689
1885,13.494978
1886,4.041339
1887,8.607177
1888,35.996567
1889,13.672147
1890,12.231858
1891,23.52689
1892,18.698545
1893,31.96648
1894,11.525575
1895,8.087759
1896,28.067501
1897,27.391891
1898,10.36336
1899,3.8567133
1900,17.481186
1901,16.582174
1902,5.9624615
1903,10.897469
1904,12.521271
1905,8.0064945
1906,27.36524
1907,37.923515
1908,12.2022705
1909,8.157119
1910,15.063292
1911,32.413795
1912,10.609514
1913,2.1092672
1914,12.170484
1915,4.902856
1916,8.761554
1917,10.857744
1918,5.3025055
1919,11.167061
1920,8.052819
1921,9.017506
1922,13.57868
1923,13.347196
1924,14.095863
1925,10.882408
1926,7.7200665
1927,21.930592
1928,19.723343
1929,11.77373
1930,11.621379
1931,16.874502
1932,2.0359173
1933,13.142641
1934,29.426805
1935,24.596363
1936,8.7768755
1937,39.76996
1938,1.5092735
1939,11.398376
1940,19.187508
1941,34.189213
1942,26.614952
1943,35.739662
1944,9.563427
1945,21.728212
1946,16.412374
1947,25.951822
1948,16.388062
1949,10.771343
1950,31.592669
1951,13.732253
1952,13.990608
1953,7.193057
1954,7.873356
1955,13.447272
1956,7.048437
1957,7.162626
1958,13.431085
1959,29.398418
1960,7.29737
1961,17.214771
1962,20.48518
1963,6.1301584
1964,9.256203
1965,13.970652
1966,27.019543
1967,8.499586
1968,5.6335077
1969,13.559479
1970,5.694338
1971,10.486207
1972,21.152348
1973,12.81176
1974,30.362387
1975,12.111202
1976,24.887184
1977,18.161587
1978,10.271654
1979,13.526001
1980,16.48614
1981,13.301807
1982,27.244427
1983,21.616081
1984,4.9820404
1985,19.77063
1986,6.8835173
1987,13.024911
1988,31.242325
1989,9.441855
1990,15.725975
1991,8.654291
1992,19.550377
1993,5.8721905
1994,18.991962
1995,13.512178
1996,18.653835
1997,20.027946
1998,32.671944
1999,19.181324
2000,17.188183
2001,24.743536
2002,16.36562
2003,30.214031
2004,18.087025
2005,20.5687
2006,7.090357
2007,22.2467
2008,8.070598
2009,27.529644
2010,5.272852
2011,21.449034
2012,14.464728
2013,10.030988
2014,19.542782
2015,9.071415
2016,5.5771112
2017,8.719201
2018,4.24325
2019,6.7172236
2020,12.576164
2021,6.8882046
2022,22.081776
2023,16.121134
2024,5.4649696
2025,20.478992
2026,9.689958
2027,10.789754
2028,5.1261168
2029,19.432564
2030,10.688564
2031,3.9506865
2032,18.360203
2033,20.551323
2034,7.376182
2035,23.09684
2036,8.480499
2037,12.74394
2038,33.980587
2039,13.737234
2040,28.509277
2041,18.856527
2042,8.495717
2043,5.3663473
2044,30.763853
2045,10.639704
2046,6.154166
2047,9.4519
2048,5.324952
2049,2.4716384
2050,7.711359
2051,18.163767
2052,18.674025
2053,16.789007
2054,20.497002
2055,10.253424
2056,24.961231
2057,8.5791445
2058,8.876911
2059,28.654522
2060,10.791844
2061,19.52714
2062,2.6539183
2063,33.751747
2064,20.275341
2065,5.6335077
2066,6.0462294
2067,8.059244
2068,27.367556
2069,34.25825
2070,6.5391827
2071,12.333805
2072,5.8057604
2073,18.9906
2074,28.908443
2075,6.519654
2076,31.765352
2077,12.407278
2078,5.2286577
2079,17.309353
2080,12.112478
2081,24.951778
2082,10.181179
2083,10.681128
2084,33.39238
2085,9.672851
2086,21.252668
2087,12.71517
2088,21.4567
2089,23.901321
2090,16.42795
2091,5.1277246
2092,20.171986
2093,16.752502
2094,21.95945
2095,7.793599
2096,17.738165
2097,18.699223
2098,5.433935
2099,11.591382
2100,11.321432
2101,11.648632
2102,7.7013884
2103,21.478287
2104,12.909172
2105,21.919552
2106,16.62111
2107,19.69142
2108,32.439503
2109,12.048651
2110,12.837303
2111,17.15345
2112,10.095364
2113,30.750868
2114,24.93335
2115,4.9376793
2116,34.19995
2117,14.02112
2118,10.171933
2119,29.965878
2120,6.0199795
2121,7.2002144
2122,16.569044
2123,28.969372
2124,3.846508
2125,23.036692
2126,7.3728943
2127,37.11663
2128,19.160374
2129,22.643003
2130,22.481497
2131,26.547516
2132,4.4833035
2133,30.763659
2134,8.235657
2135,14.605627
2136,13.492163
2137,19.331741
2138,18.34031
2139,7.341148
2140,14.581003
2141,21.728212
2142,15.192692
2143,20.559343
2144,30.214031
2145,20.220737
2146,15.419407
2147,12.226225
2148,7.1106825
2149,16.960321
2150,8.9336405
2151,12.424986
2152,25.109093
2153,7.090357
2154,27.118294
2155,21.980957
2156,17.815159
2157,9.951778
2158,6.951187
2159,17.75992
2160,39.00171
2161,5.5643845
2162,17.16498
2163,9.454945
2164,25.706318
2165,9.441855
2166,30.895048
2167,16.496471
2168,20.885733
2169,22.28519
2170,9.597208
2171,19.672894
2172,8.718479
2173,5.6735363
2174,14.488165
2175,9.067278
2176,3.0331955
2177,18.657028
2178,19.222534
2179,8.6293
2180,9.643187
2181,25.804688
2182,24.85422
2183,10.486207
2184,10.038077
2185,17.033972
2186,21.412643
2187,6.7646847
2188,6.867835
2189,4.9146366
2190,7.637274
2191,5.046736
2192,27.979876
2193,27.465631
2194,18.871918
2195,11.276252
2196,10.304749
2197,27.265106
2198,15.233545
2199,4.279065
2200,13.492119
2201,20.881596
2202,30.689285
2203,10.377109
2204,22.370438
2205,16.26271
2206,29.160889
2207,8.2476015
2208,12.474688
2209,4.881164
2210,21.966043
2211,8.5260315
2212,14.454514
2213,31.320337
2214,13.705393
2215,12.570012
2216,28.055628
2217,27.664522
2218,34.09028
2219,13.955405
2220,11.111471
2221,9.183374
2222,20.857727
2223,11.811249
2224,14.899357
2225,12.647105
2226,2.7268105
2227,5.0773144
2228,20.328358
2229,23.20225
2230,13.231596
2231,7.195505
2232,29.288227
2233,25.313246
2234,12.55324
2235,5.2427244
2236,32.062325
2237,15.845766
2238,30.890388
2239,25.775131
2240,12.352967
2241,20.121082
2242,21.44694
2243,8.675541
2244,6.4473042
2245,5.499511
2246,6.7222633
2247,13.246213
2248,31.43657
2249,7.2940173
2250,17.360655
2251,18.696281
2252,26.009418
2253,20.867975
2254,35.232018
2255,19.844908
2256,6.5082235
2257,11.631196
2258,7.758708
2259,19.672894
2260,10.065147
2261,12.615215
2262,12.276575
2263,15.308001
2264,24.798765
2265,18.169727
2266,12.08466
2267,5.4024467
2268,27.937616
2269,20.46902
2270,14.783367
2271,8.484162
2272,24.380835
2273,39.358997
2274,28.878506
2275,22.7863
2276,10.463051
2277,6.6974525
2278,6.077939
2279,8.909919
2280,20.535425
2281,8.879658
2282,7.493409
2283,28.144794
2284,4.942627
2285,28.429096
2286,4.931946
2287,10.631468
2288,7.7000866
2289,18.735939
2290,12.113445
2291,12.03867
2292,17.9119
2293,4.3239036
2294,8.0511875
2295,5.7080097
2296,6.684224
2297,17.725761
2298,23.602018
2299,7.3865433
2300,20.82817
2301,20.21554
2302,9.512123
2303,10.624012
2304,24.081638
2305,20.253273
2306,9.033903
2307,11.2684965
2308,23.4975
2309,13.609203
2310,18.06015
2311,11.410919
2312,13.412354
2313,6.5977964
2314,13.345617
2315,8.527567
2316,14.754751
2317,26.280613
2318,12.160123
2319,21.449394
2320,17.304115
2321,4.0104737
2322,4.5178814
2323,12.202945
2324,14.461318
2325,6.2292385
2326,19.914997
2327,2.6886225
2328,8.373494
2329,9.642429
2330,29.345615
2331,25.56361
2332,9.854202
2333,8.767075
2334,24.969582
2335,7.805929
2336,4.1878204
2337,29.73425
2338,6.5025134
2339,7.732977
2340,31.006035
2341,11.820904
2342,17.941868
2343,26.973606
2344,19.705965
2345,31.967113
2346,12.91031
2347,11.060187
2348,21.4567
2349,10.810995
2350,29.591797
2351,12.109737
2352,21.152348
2353,6.714845
2354,4.1417494
2355,20.521925
2356,13.757288
2357,14.912284
2358,27.20182
2359,15.016497
2360,6.370315
2361,12.015173
2362,26.266586
2363,14.551379
2364,5.4560165
2365,24.229149
2366,16.871502
2367,6.1197205
2368,10.639484
2369,19.768623
2370,7.418051
2371,10.865668
2372,22.19194
2373,21.765072
2374,6.020861
2375,16.841038
2376,3.7809124
2377,4.272895
2378,9.548899
2379,14.231556
2380,25.355343
2381,14.160391
2382,1.5476131
2383,9.181423
2384,23.589813
2385,6.351924
2386,22.480309
2387,10.171057
2388,2.1036901
2389,17.267237
2390,39.124794
2391,11.9372835
2392,11.670574
2393,24.238174
2394,9.583164
2395,18.344635
2396,17.762896
2397,11.276084
2398,6.6935735
2399,30.449177
2400,9.968233
2401,29.577501
2402,26.280613
2403,22.962017
2404,6.1507807
2405,21.236858
2406,20.943092
2407,2.742178
2408,10.50386
2409,30.767445
2410,30.594675
2411,30.682354
2412,8.375843
2413,12.6723175
2414,11.846197
2415,17.776524
2416,21.616081
2417,8.898205
2418,6.362055
2419,24.517572
2420,8.846306
2421,4.684593
2422,23.04271
2423,17.286366
2424,13.32153
2425,9.551908
2426,8.04726
2427,18.97422
2428,20.611237
2429,34.47871
2430,17.909012
2431,25.994663
2432,16.608921
2433,19.358723
2434,10.081747
2435,10.454728
2436,13.032867
2437,3.405181
2438,6.8550553
2439,11.851444
2440,13.321211
2441,26.389732
2442,24.368406
2443,31.850649
2444,23.520699
2445,33.58485
2446,7.4058104
2447,9.705639
2448,16.921917
2449,24.029804
2450,22.372766
2451,10.564044
2452,11.617181
2453,6.5633335
2454,8.649626
2455,4.1983604
2456,27.319237
2457,10.271654
2458,9.22082
2459,9.346329
2460,39.70685
2461,13.969516
2462,10.905637
2463,5.08831
2464,5.4011583
2465,7.6874228
2466,31.485716
2467,32.030136
2468,20.328358
2469,7.516571
2470,8.905245
2471,4.6006002
2472,12.156739
2473,7.8799353
2474,25.568329
2475,10.207578
2476,9.480523
2477,20.186607
2478,17.246387
2479,19.120968
2480,25.28229
2481,13.630354
2482,18.637535
2483,30.214031
2484,20.42468
2485,14.182538
2486,25.674522
2487,16.016718
2488,4.902856
2489,3.3646908
2490,12.501461
2491,11.878325
2492,15.797864
2493,12.474734
2494,6.394022
2495,6.1604824
2496,10.89329
2497,5.6470656
2498,7.746534
2499,12.701278
2500,5.4717865
2501,6.7339196
2502,22.420238
2503,15.881991
2504,12.513697
2505,28.658216
2506,27.277483
2507,11.7622795
2508,6.160143
2509,37.04457
2510,7.303051
2511,9.914755
2512,14.058384
2513,18.157906
2514,7.333938
2515,22.121883
2516,28.683254
2517,17.427317
2518,30.415018
2519,9.493537
2520,2.686922
2521,15.379395
2522,36.057632
2523,19.422142
2524,7.2644672
2525,13.835203
2526,7.300434
2527,5.646147
2528,15.671804
2529,9.939009
2530,7.503886
2531,12.5868225
2532,4.672372
2533,5.656947
2534,13.271759
2535,11.396035
2536,20.365192
2537,24.835258
2538,8.063556
2539,30.95171
2540,16.691092
2541,6.046732
2542,24.881487
2543,13.732253
2544,8.054679
2545,15.038867
2546,18.44669
2547,12.200174
2548,27.244427
2549,34.27085
2550,17.469515
2551,20.594753
2552,16.273956
2553,5.230307
2554,6.775509
2555,15.6839075
2556,9.96497
2557,20.810257
2558,5.482752
2559,13.524851
2560,18.82837
2561,7.712282
2562,9.7300825
2563,7.098111
2564,17.115997
2565,9.867283
2566,17.229828
2567,38.38655
2568,14.462353
2569,31.53845
2570,20.715866
2571,17.46634
2572,6.3438606
2573,11.985857
2574,8.012476
2575,21.203905
2576,19.78412
2577,13.452984
2578,1.0
2579,10.9016
2580,23.314486
2581,11.617724
2582,4.1154327
2583,9.17669
2584,7.54843
2585,11.975452
2586,31.53845
2587,12.201868
2588,28.565136
2589,17.33808
2590,8.467803
2591,11.851444
2592,32.506554
2593,6.978692
2594,22.0433
2595,4.9683943
2596,7.578287
2597,16.032293
2598,28.381561
2599,11.517956
2600,10.45094
2601,11.589393
2602,26.042622
2603,10.717955
2604,30.276962
2605,10.717955
2606,29.44242
2607,13.281153
2608,29.77827
2609,2.1059723
2610,33.15422
2611,23.506859
2612,9.358763
2613,4.900816
2614,4.258211
2615,21.735325
2616,16.81165
2617,37.00801
2618,14.231556
2619,28.703484
2620,10.613841
2621,30.861027
2622,7.6886435
2623,12.277159
2624,2.8674116
2625,19.662878
2626,4.384677
2627,24.430416
2628,11.207143
2629,11.0576725
2630,13.703663
2631,26.92938
2632,5.2618027
2633,27.723457
2634,18.172466
2635,14.476803
2636,20.93383
2637,6.7322636
2638,5.4028273
2639,17.837215
2640,19.576859
2641,22.838688
2642,10.861365
2643,5.7763724
2644,10.850564
2645,6.8981447
2646,12.347554
2647,10.18984
2648,13.14491
2649,14.65946
2650,16.159214
2651,19.294783
2652,9.026641
2653,18.011833
2654,19.976847
2655,5.78502
2656,39.00541
2657,25.885225
2658,30.72247
2659,27.39337
2660,13.353886
2661,29.350094
2662,20.172747
2663,26.536198
2664,23.868454
2665,22.109602
2666,8.377102
2667,7.925395
2668,11.757111
2669,32.66534
2670,31.858282
2671,26.586767
2672,21.723953
2673,17.422377
2674,14.735371
2675,6.4221163
2676,3.6741657
2677,5.842825
2678,20.351635
2679,5.6533403
2680,16.401085
2681,7.996087
2682,31.466476
2683,32.798965
2684,9.071407
2685,35.191383
2686,9.901051
2687,26.650047
2688,20.347946
2689,27.495422
2690,12.271908
2691,12.180969
2692,16.61237
2693,7.267815
2694,13.513735
2695,7.9351873
2696,39.00171
2697,16.03803
2698,35.942894
2699,16.71732
2700,9.667309
2701,7.3041935
2702,20.899841
2703,11.027134
2704,12.539339
2705,7.8455076
2706,14.303902
2707,25.168056
2708,7.5177417
2709,31.129389
2710,24.10686
2711,7.471426
2712,7.1134815
2713,6.616224
2714,2.3438926
2715,5.657251
2716,17.58595
2717,19.829113
2718,16.998709
2719,6.1983147
2720,23.636595
2721,27.59933
2722,6.7406974
2723,32.02249
2724,18.918201
2725,7.731117
2726,7.517783
2727,4.900054
2728,7.614189
2729,35.02036
2730,39.07531
2731,28.198063
2732,17.89246
2733,14.255247
2734,13.008127
2735,7.527495
2736,25.93589
2737,10.08368
2738,8.607177
2739,35.445568
2740,14.826812
2741,11.783551
2742,22.130684
2743,21.219069
2744,9.821554
2745,16.777431
2746,4.814785
2747,12.015173
2748,18.304226
2749,11.443474
2750,9.803518
2751,8.946306
2752,10.991182
2753,9.241727
2754,10.620592
2755,7.63979
2756,20.943092
2757,29.68064
2758,6.608032
2759,8.302893
2760,17.530655
2761,23.081089
2762,5.3559856
2763,26.413898
2764,1.9534359
2765,12.085374
2766,7.058538
2767,7.1223335
2768,23.956217
2769,9.710091
2770,23.46809
2771,29.83797
2772,19.724064
2773,24.891373
2774,13.356631
2775,7.417737
2776,19.886658
2777,23.265106
2778,4.903984
2779,11.301039
2780,22.59377
2781,23.241867
2782,30.138018
2783,24.049479
2784,21.586458
2785,9.919987
2786,4.99397
2787,10.684467
2788,15.4126625
2789,13.222538
2790,20.148102
2791,32.81992
2792,20.456036
2793,5.7241845
2794,14.768031
2795,10.589945
2796,30.452398
2797,6.58068
2798,20.054451
2799,27.723114
2800,13.094439
2801,24.604738
2802,14.278366
2803,18.32222
2804,10.171933
2805,17.45579
2806,14.082593
2807,21.564249
2808,15.559733
2809,4.281219
2810,33.78437
2811,8.853989
2812,3.50527
2813,21.35142
2814,15.914644
2815,39.059753
2816,8.968878
2817,17.545929
2818,16.608974
2819,6.4077687
2820,27.4128
2821,8.2877
2822,23.903597
2823,10.746968
2824,19.960722
2825,33.324993
2826,4.1963387
2827,36.204525
2828,13.034699
2829,29.144726
2830,19.143482
2831,10.003208
2832,18.501926
2833,4.2396865
2834,27.382536
2835,28.403103
2836,6.9854574
2837,8.375843
2838,21.961021
2839,14.180222
2840,4.2549343
2841,33.671494
2842,12.20257
2843,34.54173
2844,4.909444
2845,19.989407
2846,8.245103
2847,4.913684
2848,27.292059
2849,36.085842
2850,31.81332
2851,9.142096
2852,6.9524975
2853,30.899183
2854,12.200174
2855,20.384815
2856,8.328109
2857,24.747623
2858,16.636429
2859,22.16092
2860,11.515753
2861,27.274197
2862,9.031117
2863,15.647937
2864,31.72092
2865,25.265236
2866,15.086708
2867,19.395462
2868,5.1286287
2869,7.9301143
2870,25.068542
2871,2.5897264
2872,5.449319
2873,31.789103
2874,10.209147
2875,3.9470215
2876,7.4058104
2877,21.296108
2878,10.485615
2879,20.995287
2880,3.7966166
2881,28.99691
2882,6.043625
2883,12.756105
2884,27.526611
2885,15.694758
2886,21.604416
2887,35.29839
2888,12.842729
2889,16.761826
2890,39.351128
2891,5.91173
2892,27.225464
2893,12.116881
2894,32.731304
2895,26.23822
2896,15.737679
2897,23.765047
2898,4.278409
2899,3.654686
2900,22.968493
2901,31.848019
2902,13.44809
2903,4.909194
2904,15.659748
2905,12.989113
2906,26.831024
2907,5.836225
2908,20.710558
2909,10.778662
2910,9.169518
2911,9.30689
2912,23.577099
2913,32.031345
2914,13.656095
2915,31.534725
2916,10.583478
2917,12.441774
2918,11.200492
2919,6.932455
2920,18.362583
2921,4.113541
2922,13.842054
2923,30.511745
2924,36.852905
2925,13.445904
2926,6.9946146
2927,16.662733
2928,10.997042
2929,7.2412953
2930,8.007232
2931,22.81046
2932,6.5527506
2933,33.52451
2934,5.869756
2935,27.647272
2936,23.294765
2937,7.042883
2938,19.770092
2939,25.071156
2940,7.982827
2941,6.9219728
2942,7.2744737
2943,5.232683
2944,15.682425
2945,8.052958
2946,24.195541
2947,19.730705
2948,6.6668825
2949,30.10904
2950,8.085398
2951,20.208958
2952,10.847024
2953,13.18475
2954,8.792664
2955,13.295076
2956,13.345513
2957,25.014584
2958,1.0798998
2959,5.087962
2960,18.87361
2961,18.799374
2962,4.968935
2963,32.50507
2964,8.863968
2965,9.064161
2966,6.207307
2967,10.624012
2968,11.84697
2969,14.214417
2970,5.8546734
2971,12.828638
2972,12.501461
2973,7.0768547
2974,32.286156
2975,8.405668
2976,28.032127
2977,28.311329
2978,7.4416056
2979,16.31435
2980,34.286278
2981,7.4546514
2982,19.2299
2983,9.656493
2984,7.0063057
2985,26.488882
2986,6.2977605
2987,33.58472
2988,9.7370205
2989,16.924343
2990,21.102732
2991,12.616978
2992,16.143427
2993,14.463655
2994,30.452412
2995,9.2709
2996,4.7375784
2997,7.4262624
2998,7.1337175
2999,5.624364
3000,14.436882
3001,5.0203958
3002,3.6342602
3003,10.980314
3004,15.862493
3005,27.233644
3006,12.131697
3007,27.764715
3008,26.144188
3009,22.520304
3010,4.2563534
3011,26.338509
3012,32.21892
3013,16.910234
3014,16.56382
3015,12.369617
3016,9.242841
3017,1.5500984
3018,17.698267
3019,12.987806
3020,3.6798878
3021,11.960378
3022,14.377819
3023,8.65756
3024,21.672564
3025,4.147006
3026,12.474688
3027,25.635303
3028,7.551647
3029,5.7291384
3030,8.100057
3031,10.630043
3032,22.846256
3033,21.586458
3034,19.125042
3035,19.96027
3036,22.558231
3037,5.694338
3038,7.0844836
3039,27.61118
3040,16.691017
3041,8.952305
3042,10.712124
3043,19.620548
3044,15.790836
3045,11.331292
3046,12.925346
3047,10.331278
3048,11.517759
3049,11.669779
3050,12.128252
3051,21.060753
3052,27.47287
3053,21.639359
3054,4.9187317
3055,19.269085
3056,30.970064
3057,6.669475
3058,6.158375
3059,20.21554
3060,28.198063
3061,8.98831
3062,4.2563534
3063,19.449991
3064,13.834208
3065,17.903084
3066,11.33437
3067,2.1036901
3068,26.070766
3069,19.42667
3070,13.84985
3071,8.049715
3072,9.855114
3073,4.1961026
3074,28.199379
3075,8.649626
3076,14.705207
3077,26.778702
3078,10.783356
3079,13.245056
3080,8.670935
3081,10.7001505
3082,8.525
3083,39.403023
3084,22.696896
3085,32.267525
3086,27.11614
3087,22.517149
3088,15.597967
3089,4.800584
3090,26.690647
3091,8.465143
3092,18.983759
3093,20.755116
3094,10.117222
3095,8.348297
3096,8.390459
3097,34.053955
3098,20.211615
3099,26.48745
3100,9.381279
3101,4.998431
3102,19.972395
3103,14.75779
3104,16.191475
3105,11.896593
3106,12.908164
3107,11.975452
3108,14.911249
3109,25.850195
3110,5.3371625
3111,6.493905
3112,9.171295
3113,18.635773
3114,7.535265
3115,32.151886
3116,19.126408
3117,11.5255165
3118,20.723478
3119,3.4484177
3120,8.909026
3121,20.810257
3122,2.26118
3123,9.323317
3124,14.693648
3125,24.037094
3126,5.276553
3127,14.916512
3128,12.551285
3129,11.655444
3130,8.046972
3131,9.521921
3132,7.850626
3133,24.237806
3134,33.421516
3135,30.734974
3136,10.477309
3137,17.679716
3138,6.481848
3139,26.888231
3140,29.822044
3141,25.128696
3142,30.729877
3143,33.021835
3144,33.708225
3145,8.707416
3146,12.346631
3147,20.825079
3148,11.142315
3149,14.007364
3150,15.4580145
3151,26.693516
3152,17.929695
3153,14.786669
3154,29.809986
3155,26.36546
3156,28.479269
3157,22.600574
3158,32.246647
3159,1.0
3160,6.5501204
3161,22.847546
3162,7.848565
3163,6.99672
3164,27.606453
3165,5.0446362
3166,5.8050275
3167,14.311918
3168,33.12004
3169,10.867833
3170,8.296146
3171,7.0700836
3172,3.544691
3173,36.085842
3174,11.657059
3175,19.449318
3176,21.648298
3177,4.2721896
3178,17.760975
3179,6.9219728
3180,24.85422
3181,13.408993
3182,30.489841
3183,18.034012
3184,24.835192
3185,14.470922
3186,4.8224435
3187,6.933898
3188,29.2223
3189,27.371964
3190,33.16751
3191,6.5003095
3192,6.502592
3193,39.006397
3194,8.386876
3195,12.578149
3196,19.557552
3197,11.5255165
3198,18.64955
3199,5.0446362
3200,13.057016
3201,17.133698
3202,30.312517
3203,12.351356
3204,19.963982
3205,28.461174
3206,15.705427
3207,34.856655
3208,6.777643
3209,21.580853
3210,9.366696
3211,9.495395
3212,12.351356
3213,39.541122
3214,22.940744
3215,13.334289
3216,18.874363
3217,22.249016
3218,20.229727
3219,12.263414
3220,16.68829
3221,24.689331
3222,7.3991804
3223,8.205064
3224,5.1573343
3225,3.6827679
3226,18.858482
3227,26.751675
3228,6.864088
3229,27.266384
3230,19.456211
3231,28.811897
3232,5.0224304
3233,10.156265
3234,6.2562695
3235,25.451046
3236,8.318495
3237,20.833834
3238,14.735708
3239,8.532846
3240,12.998284
3241,18.293938
3242,24.000713
3243,12.351303
3244,16.165167
3245,3.8030396
3246,6.1597023
3247,10.667664
3248,5.1385355
3249,28.370335
3250,31.910667
3251,7.93557
3252,12.017614
3253,5.648673
3254,19.816715
3255,11.53619
3256,20.385414
3257,6.8427916
3258,8.810039
3259,28.370335
3260,25.005121
3261,17.783772
3262,3.3393812
3263,12.752074
3264,33.342052
3265,4.5725684
3266,3.5082142
3267,9.8886
3268,27.855331
3269,20.075287
3270,4.488371
3271,11.410919
3272,19.81876
3273,29.410957
3274,9.941366
3275,6.9911947
3276,11.295355
3277,14.222141
3278,11.72844
3279,17.252865
3280,25.564518
3281,13.510631
3282,10.549134
3283,4.1673846
3284,13.915453
3285,17.229828
3286,13.604923
3287,6.321084
3288,7.0009966
3289,5.0520873
3290,8.636329
3291,26.778717
3292,33.52995
3293,4.6690073
3294,15.284968
3295,28.516502
3296,18.799374
3297,10.197177
3298,12.988707
3299,5.3851395
3300,20.723396
3301,4.343173
3302,10.197177
3303,16.831074
3304,24.377129
3305,13.81035
3306,25.572662
3307,22.992271
3308,23.386198
3309,4.973503
3310,11.952768
3311,4.892291
3312,29.791325
3313,15.694992
3314,14.92734
3315,10.948064
3316,25.017605
3317,17.560392
3318,29.607006
3319,33.300903
3320,6.5630264
3321,19.901592
3322,29.4543
3323,28.661156
3324,29.43018
3325,4.077691
3326,27.7712
3327,7.0018787
3328,19.44256
3329,11.55072
3330,33.32015
3331,11.505791
3332,8.278448
3333,11.535778
3334,5.3657207
3335,17.071913
3336,29.966236
3337,11.066345
3338,8.50748
3339,14.79228
3340,35.232018
3341,8.718243
3342,10.94656
3343,19.186611
3344,27.538536
3345,4.1498885
3346,4.49642
3347,35.02036
3348,8.998551
3349,16.214703
3350,15.102128
3351,23.046947
3352,8.154659
3353,20.441422
3354,8.700465
3355,31.006035
3356,16.560852
3357,3.6332083
3358,23.768028
3359,6.346427
3360,20.597275
3361,9.346329
3362,39.712444
3363,7.966247
3364,3.5738335
3365,7.404949
3366,26.488882
3367,11.435618
3368,23.792185
3369,5.6735363
3370,7.179391
3371,20.637074
3372,19.96027
3373,13.1492815
3374,33.628532
3375,1.8120623
3376,4.4963837
3377,15.369123
3378,30.981827
3379,7.760869
3380,18.073524
3381,8.810048
3382,33.00575
3383,10.001832
3384,7.355884
3385,24.500652
3386,15.778687
3387,25.454239
3388,4.998431
3389,5.9017944
3390,8.316834
3391,9.042605
3392,12.2103
3393,11.480883
3394,11.510513
3395,26.36546
3396,15.557474
3397,17.807667
3398,27.637909
3399,8.407988
3400,1.0
3401,20.450844
3402,29.872494
3403,6.347173
3404,8.756516
3405,19.303734
3406,37.87217
3407,5.526983
3408,5.271137
3409,34.09028
3410,8.223408
3411,7.8199196
3412,32.665
3413,27.142653
3414,1.9892721
3415,22.324366
3416,30.653217
3417,9.157717
3418,16.920557
3419,18.737356
3420,15.359763
3421,27.719105
3422,4.0986595
3423,5.7745843
3424,9.634354
3425,25.885225
3426,8.588263
3427,19.653625
3428,26.547516
3429,20.467974
3430,24.02824
3431,28.969372
3432,16.689636
3433,9.071415
3434,8.154614
3435,30.228441
3436,31.24412
3437,13.77432
3438,11.155742
3439,39.447796
3440,11.922761
3441,24.739082
3442,14.754269
3443,11.478952
3444,8.707416
3445,7.0758986
3446,32.696335
3447,6.864133
3448,34.477566
3449,15.903286
3450,24.983318
3451,18.693676
3452,31.712189
3453,19.178871
3454,30.17736
3455,19.116282
3456,18.712492
3457,14.457376
3458,15.418345
3459,13.103547
3460,16.05765
3461,5.374865
3462,15.773647
3463,12.668312
3464,3.7830849
3465,18.186327
3466,5.6746936
3467,30.746607
3468,28.854584
3469,31.935394
3470,14.082593
3471,2.3855324
3472,11.199139
3473,12.407278
3474,8.684617
3475,8.089457
3476,21.236858
3477,7.2624574
3478,15.352137
3479,9.914937
3480,10.003208
3481,26.340118
3482,3.4595432
3483,18.467785
3484,5.8031387
3485,28.911522
3486,13.77432
3487,3.6555176
3488,32.301155
3489,24.41538
3490,10.95293
3491,14.664994
3492,22.17301
3493,16.40563
3494,21.11094
3495,7.0510645
3496,20.688644
3497,23.386198
3498,23.156408
3499,23.205288
3500,14.238164
3501,17.75083
3502,19.972395
3503,19.886658
3504,15.120047
3505,27.240362
3506,32.03366
3507,8.448247
3508,18.450905
3509,24.057356
3510,7.9327874
3511,6.2562695
3512,28.955162
3513,19.531574
3514,21.993319
3515,11.119968
3516,3.4152613
3517,10.968708
3518,10.659418
3519,18.012001
3520,6.568589
3521,5.163736
3522,36.33033
3523,6.843449
3524,4.9800043
3525,15.419758
3526,26.346672
3527,11.881893
3528,28.240723
3529,5.745698
3530,33.276154
3531,38.722244
3532,29.78112
3533,6.59966
3534,21.79109
3535,11.328938
3536,23.955982
3537,3.8345747
3538,6.0010214
3539,28.654522
3540,11.362608
3541,6.902923
3542,6.383327
3543,11.11116
3544,12.231548
3545,13.221224
3546,37.752472
3547,33.081482
3548,24.2966
3549,8.962054
3550,9.597369
3551,10.805723
3552,25.653072
3553,30.092243
3554,10.634335
3555,36.33033
3556,9.258642
3557,9.0291605
3558,27.90256
3559,18.802528
3560,10.116439
3561,8.500655
3562,9.120226
3563,25.63675
3564,18.48575
3565,10.358055
3566,26.829311
3567,3.8702836
3568,29.452597
3569,10.843436
3570,9.486248
3571,9.979965
3572,8.760708
3573,12.731874
3574,9.96497
3575,39.49198
3576,7.5320845
3577,1.4900656
3578,14.88888
3579,9.628471
3580,13.341881
3581,13.291489
3582,19.55877
3583,7.0878325
3584,12.496189
3585,16.47989
3586,30.488483
3587,7.9081397
3588,4.113541
3589,7.8041763
3590,13.650707
3591,2.655882
3592,6.9903398
3593,6.0244474
3594,11.281726
3595,17.69074
3596,7.4058104
3597,1.7873688
3598,2.7847757
3599,13.008127
3600,11.672354
3601,9.637232
3602,14.45557
3603,9.447142
3604,32.636837
3605,9.914937
3606,16.661182
3607,23.393623
3608,15.66565
3609,21.692635
3610,30.636833
3611,13.764992
3612,6.167124
3613,26.509647
3614,8.602261
3615,11.957838
3616,8.667721
3617,19.160374
3618,5.3552647
3619,18.03675
3620,4.1946106
3621,26.613232
3622,22.884933
3623,7.244253
3624,17.820255
3625,17.544003
3626,28.279316
3627,11.015533
3628,39.0587
3629,9.064161
3630,15.054173
3631,10.207578
3632,20.171986
3633,15.550365
3634,10.861353
3635,31.131092
3636,17.177483
3637,12.93906
3638,13.94334
3639,9.150221
3640,3.1929574
3641,10.94656
3642,27.33802
3643,24.377129
3644,33.3792
3645,11.39887
3646,16.869102
3647,17.224703
3648,14.936559
3649,22.734407
3650,4.8899755
3651,28.562887
3652,4.314004
3653,33.057533
3654,29.38116
3655,10.327351
3656,25.70379
3657,7.9751406
3658,4.6845036
3659,20.452671
3660,6.345892
3661,39.70685
3662,13.946163
3663,4.999809
3664,14.417013
3665,8.463995
3666,8.461346
3667,6.8921685
3668,8.7768755
3669,31.446835
3670,29.4543
3671,25.905903
3672,13.149481
3673,19.303734
3674,9.346844
3675,21.980957
3676,33.092915
3677,19.952541
3678,20.83826
3679,29.154102
3680,20.348835
3681,11.634466
3682,1.0
3683,7.0638704
3684,7.91093
3685,10.449914
3686,25.874765
3687,18.691269
3688,28.633852
3689,6.678157
3690,21.288094
3691,8.619512
3692,34.47438
3693,26.389732
3694,10.271735
3695,9.504236
3696,6.1488647
3697,10.814779
3698,9.684927
3699,4.757099
3700,22.061783
3701,10.766918
3702,20.80843
3703,8.983266
3704,18.412397
3705,23.65655
3706,24.066566
3707,14.253468
3708,11.330592
3709,19.330866
3710,18.31769
3711,13.804726
3712,4.881164
3713,35.142387
3714,27.046936
3715,15.30587
3716,21.449394
3717,33.24904
3718,13.51085
3719,8.281455
3720,14.62487
3721,16.720692
3722,18.63367
3723,6.616224
3724,26.365974
3725,10.686214
3726,16.329004
3727,11.200492
3728,12.266187
3729,6.1322346
3730,5.231802
3731,17.510344
3732,33.811134
3733,26.157225
3734,3.1575875
3735,23.649946
3736,20.919434
3737,28.181774
3738,31.073381
3739,15.7568
3740,9.002741
3741,6.9762955
3742,23.314486
3743,12.927578
3744,8.221095
3745,4.8509445
3746,21.637854
3747,14.677888
3748,18.375187
3749,25.762589
3750,20.722038
3751,19.432564
3752,1.0
3753,13.305946
3754,30.337025
3755,28.381561
3756,26.19527
3757,13.493256
3758,12.6708355
3759,11.598966
3760,38.927605
3761,7.300601
3762,10.712124
3763,30.27527
3764,22.962017
3765,11.111536
3766,14.969127
3767,20.460243
3768,11.060187
3769,11.6280575
3770,9.501639
3771,19.897097
3772,3.6194766
3773,5.070306
3774,8.787239
3775,15.178646
3776,12.582129
3777,17.35121
3778,16.149744
3779,21.847273
3780,10.846083
3781,10.714893
3782,26.78798
3783,6.9347725
3784,16.088015
3785,28.44571
3786,16.842346
3787,21.984236
3788,9.420451
3789,27.19861
3790,28.49892
3791,16.014889
3792,11.09897
3793,38.91803
3794,7.936947
3795,17.033415
3796,5.1905456
3797,18.874363
3798,20.102201
3799,4.2813416
3800,5.8069673
3801,6.3673224
3802,23.65655
3803,14.818589
3804,13.389561
3805,18.289215
3806,27.005772
3807,9.004744
3808,8.455726
3809,14.350603
3810,25.000069
3811,9.22204
3812,4.0002756
3813,3.2115746
3814,7.766594
3815,26.936455
3816,11.53774
3817,16.38969
3818,13.166437
3819,39.756996
3820,13.585244
3821,19.219282
3822,10.255083
3823,6.2077785
3824,11.459587
3825,15.962274
3826,22.562185
3827,11.853459
3828,15.745043
3829,31.506704
3830,12.755754
3831,25.705952
3832,25.930738
3833,16.20403
3834,7.4157324
3835,9.677259
3836,8.069828
3837,6.6874437
3838,8.048208
3839,28.527248
3840,8.375843
3841,11.236308
3842,10.082283
3843,15.9771805
3844,28.366282
3845,17.480858
3846,5.4661827
3847,14.257096
3848,12.294606
3849,7.333938
3850,13.675332
3851,10.073465
3852,9.2709
3853,18.577465
3854,29.286383
3855,13.991616
3856,10.589945
3857,10.424708
3858,14.281842
3859,16.54611
3860,9.643187
3861,23.552162
3862,22.262445
3863,24.581173
3864,19.078983
3865,15.318405
3866,9.562479
3867,5.5991297
3868,5.3663473
3869,21.707315
3870,10.590656
3871,16.76558
3872,36.947647
3873,38.678246
3874,37.039978
3875,20.12878
3876,9.276933
3877,21.6447
3878,36.108913
3879,15.705427
3880,30.153755
3881,18.35682
3882,6.6860394
3883,38.213585
3884,29.113789
3885,18.680313
3886,17.519966
3887,24.64454
3888,25.261534
3889,9.033903
3890,6.1488647
3891,28.312927
3892,13.178544
3893,12.513697
3894,22.81046
3895,13.17108
3896,13.828445
3897,24.26593
3898,5.835556
3899,29.462399
3900,23.20372
3901,13.103547
3902,4.427188
3903,20.126799
3904,24.440128
3905,18.030113
3906,14.79998
3907,14.929752
3908,13.362463
3909,12.031986
3910,12.200174
3911,12.294606
3912,28.518318
3913,8.173595
3914,8.295041
3915,12.2022705
3916,2.771862
3917,31.14117
3918,21.22219
3919,10.500106
3920,20.421478
3921,25.705536
3922,26.693516
3923,18.97422
3924,12.191378
3925,6.2637587
3926,23.36672
3927,12.914421
3928,15.346761
3929,19.898758
3930,31.662868
3931,13.656095
3932,9.854202
3933,27.44188
3934,9.630707
3935,3.0312824
3936,12.308567
3937,22.466661
3938,12.346387
3939,2.9424305
3940,24.917253
3941,17.126675
3942,14.451896
3943,37.982307
3944,19.42275
3945,21.119091
3946,11.203049
3947,2.9424305
3948,25.753517
3949,11.452478
3950,10.502681
3951,10.178301
3952,8.092149
3953,19.431826
3954,5.387806
3955,7.461315
3956,27.444199
3957,25.603586
3958,7.5244174
3959,9.967157
